country,year,sex,list,cause,cdr
GBRTENW,2001,1,short,0,9878
GBRTENW,2001,1,short,1,79
GBRTENW,2001,1,short,2,2838
GBRTENW,2001,1,short,3,17
GBRTENW,2001,1,short,4,140
GBRTENW,2001,1,short,5,192
GBRTENW,2001,1,short,6,257
GBRTENW,2001,1,short,7,2769
GBRTENW,2001,1,short,8,882
GBRTENW,2001,1,short,9,353
GBRTENW,2001,1,short,10,504
GBRTENW,2001,1,short,11,731
GBRTENW,2001,1,short,12,419
GBRTENW,2001,1,short,13,65
GBRTENW,2001,1,short,14,130
GBRTENW,2001,1,short,15,80
GBRTENW,2001,1,short,16,421
GBRTENW,2002,1,short,0,9853
GBRTENW,2002,1,short,1,81
GBRTENW,2002,1,short,2,2845
GBRTENW,2002,1,short,3,18
GBRTENW,2002,1,short,4,140
GBRTENW,2002,1,short,5,188
GBRTENW,2002,1,short,6,266
GBRTENW,2002,1,short,7,2688
GBRTENW,2002,1,short,8,890
GBRTENW,2002,1,short,9,349
GBRTENW,2002,1,short,10,510
GBRTENW,2002,1,short,11,748
GBRTENW,2002,1,short,12,432
GBRTENW,2002,1,short,13,68
GBRTENW,2002,1,short,14,144
GBRTENW,2002,1,short,15,81
GBRTENW,2002,1,short,16,403
GBRTENW,2003,1,short,0,9825
GBRTENW,2003,1,short,1,85
GBRTENW,2003,1,short,2,2826
GBRTENW,2003,1,short,3,17
GBRTENW,2003,1,short,4,140
GBRTENW,2003,1,short,5,185
GBRTENW,2003,1,short,6,278
GBRTENW,2003,1,short,7,2606
GBRTENW,2003,1,short,8,864
GBRTENW,2003,1,short,9,342
GBRTENW,2003,1,short,10,536
GBRTENW,2003,1,short,11,789
GBRTENW,2003,1,short,12,448
GBRTENW,2003,1,short,13,69
GBRTENW,2003,1,short,14,150
GBRTENW,2003,1,short,15,79
GBRTENW,2003,1,short,16,409
GBRTENW,2004,1,short,0,9386
GBRTENW,2004,1,short,1,85
GBRTENW,2004,1,short,2,2786
GBRTENW,2004,1,short,3,16
GBRTENW,2004,1,short,4,131
GBRTENW,2004,1,short,5,177
GBRTENW,2004,1,short,6,260
GBRTENW,2004,1,short,7,2435
GBRTENW,2004,1,short,8,785
GBRTENW,2004,1,short,9,321
GBRTENW,2004,1,short,10,488
GBRTENW,2004,1,short,11,749
GBRTENW,2004,1,short,12,440
GBRTENW,2004,1,short,13,70
GBRTENW,2004,1,short,14,153
GBRTENW,2004,1,short,15,81
GBRTENW,2004,1,short,16,408
GBRTENW,2005,1,short,0,9282
GBRTENW,2005,1,short,1,101
GBRTENW,2005,1,short,2,2756
GBRTENW,2005,1,short,3,17
GBRTENW,2005,1,short,4,128
GBRTENW,2005,1,short,5,183
GBRTENW,2005,1,short,6,272
GBRTENW,2005,1,short,7,2347
GBRTENW,2005,1,short,8,747
GBRTENW,2005,1,short,9,305
GBRTENW,2005,1,short,10,499
GBRTENW,2005,1,short,11,767
GBRTENW,2005,1,short,12,443
GBRTENW,2005,1,short,13,73
GBRTENW,2005,1,short,14,158
GBRTENW,2005,1,short,15,82
GBRTENW,2005,1,short,16,405
GBRTENW,2006,1,short,0,9114
GBRTENW,2006,1,short,1,125
GBRTENW,2006,1,short,2,2766
GBRTENW,2006,1,short,3,17
GBRTENW,2006,1,short,4,123
GBRTENW,2006,1,short,5,185
GBRTENW,2006,1,short,6,270
GBRTENW,2006,1,short,7,2203
GBRTENW,2006,1,short,8,720
GBRTENW,2006,1,short,9,299
GBRTENW,2006,1,short,10,470
GBRTENW,2006,1,short,11,738
GBRTENW,2006,1,short,12,463
GBRTENW,2006,1,short,13,72
GBRTENW,2006,1,short,14,169
GBRTENW,2006,1,short,15,80
GBRTENW,2006,1,short,16,416
GBRTENW,2007,1,short,0,9031
GBRTENW,2007,1,short,1,132
GBRTENW,2007,1,short,2,2758
GBRTENW,2007,1,short,3,17
GBRTENW,2007,1,short,4,124
GBRTENW,2007,1,short,5,203
GBRTENW,2007,1,short,6,286
GBRTENW,2007,1,short,7,2143
GBRTENW,2007,1,short,8,681
GBRTENW,2007,1,short,9,288
GBRTENW,2007,1,short,10,458
GBRTENW,2007,1,short,11,742
GBRTENW,2007,1,short,12,455
GBRTENW,2007,1,short,13,71
GBRTENW,2007,1,short,14,179
GBRTENW,2007,1,short,15,80
GBRTENW,2007,1,short,16,415
GBRTENW,2008,1,short,0,9034
GBRTENW,2008,1,short,1,110
GBRTENW,2008,1,short,2,2760
GBRTENW,2008,1,short,3,15
GBRTENW,2008,1,short,4,130
GBRTENW,2008,1,short,5,222
GBRTENW,2008,1,short,6,305
GBRTENW,2008,1,short,7,2095
GBRTENW,2008,1,short,8,672
GBRTENW,2008,1,short,9,274
GBRTENW,2008,1,short,10,476
GBRTENW,2008,1,short,11,761
GBRTENW,2008,1,short,12,463
GBRTENW,2008,1,short,13,72
GBRTENW,2008,1,short,14,182
GBRTENW,2008,1,short,15,78
GBRTENW,2008,1,short,16,420
GBRTENW,2009,1,short,0,8776
GBRTENW,2009,1,short,1,96
GBRTENW,2009,1,short,2,2748
GBRTENW,2009,1,short,3,17
GBRTENW,2009,1,short,4,120
GBRTENW,2009,1,short,5,218
GBRTENW,2009,1,short,6,298
GBRTENW,2009,1,short,7,2000
GBRTENW,2009,1,short,8,631
GBRTENW,2009,1,short,9,261
GBRTENW,2009,1,short,10,458
GBRTENW,2009,1,short,11,728
GBRTENW,2009,1,short,12,446
GBRTENW,2009,1,short,13,72
GBRTENW,2009,1,short,14,182
GBRTENW,2009,1,short,15,79
GBRTENW,2009,1,short,16,423
GBRTENW,2010,1,short,0,8692
GBRTENW,2010,1,short,1,85
GBRTENW,2010,1,short,2,2733
GBRTENW,2010,1,short,3,15
GBRTENW,2010,1,short,4,120
GBRTENW,2010,1,short,5,230
GBRTENW,2010,1,short,6,315
GBRTENW,2010,1,short,7,1967
GBRTENW,2010,1,short,8,627
GBRTENW,2010,1,short,9,260
GBRTENW,2010,1,short,10,432
GBRTENW,2010,1,short,11,735
GBRTENW,2010,1,short,12,449
GBRTENW,2010,1,short,13,73
GBRTENW,2010,1,short,14,182
GBRTENW,2010,1,short,15,73
GBRTENW,2010,1,short,16,395
GBRTENW,2011,1,short,0,8495
GBRTENW,2011,1,short,1,88
GBRTENW,2011,1,short,2,2748
GBRTENW,2011,1,short,3,16
GBRTENW,2011,1,short,4,110
GBRTENW,2011,1,short,5,371
GBRTENW,2011,1,short,6,308
GBRTENW,2011,1,short,7,1797
GBRTENW,2011,1,short,8,526
GBRTENW,2011,1,short,9,224
GBRTENW,2011,1,short,10,428
GBRTENW,2011,1,short,11,748
GBRTENW,2011,1,short,12,435
GBRTENW,2011,1,short,13,71
GBRTENW,2011,1,short,14,145
GBRTENW,2011,1,short,15,75
GBRTENW,2011,1,short,16,406
GBRTENW,2012,1,short,0,8628
GBRTENW,2012,1,short,1,82
GBRTENW,2012,1,short,2,2776
GBRTENW,2012,1,short,3,15
GBRTENW,2012,1,short,4,114
GBRTENW,2012,1,short,5,428
GBRTENW,2012,1,short,6,345
GBRTENW,2012,1,short,7,1790
GBRTENW,2012,1,short,8,515
GBRTENW,2012,1,short,9,222
GBRTENW,2012,1,short,10,426
GBRTENW,2012,1,short,11,793
GBRTENW,2012,1,short,12,427
GBRTENW,2012,1,short,13,71
GBRTENW,2012,1,short,14,149
GBRTENW,2012,1,short,15,72
GBRTENW,2012,1,short,16,401
GBRTENW,2013,1,short,0,8752
GBRTENW,2013,1,short,1,87
GBRTENW,2013,1,short,2,2765
GBRTENW,2013,1,short,3,16
GBRTENW,2013,1,short,4,115
GBRTENW,2013,1,short,5,459
GBRTENW,2013,1,short,6,366
GBRTENW,2013,1,short,7,1813
GBRTENW,2013,1,short,8,509
GBRTENW,2013,1,short,9,215
GBRTENW,2013,1,short,10,435
GBRTENW,2013,1,short,11,834
GBRTENW,2013,1,short,12,422
GBRTENW,2013,1,short,13,71
GBRTENW,2013,1,short,14,148
GBRTENW,2013,1,short,15,67
GBRTENW,2013,1,short,16,432
GBRTENW,2014,1,short,0,8663
GBRTENW,2014,1,short,1,85
GBRTENW,2014,1,short,2,2785
GBRTENW,2014,1,short,3,17
GBRTENW,2014,1,short,4,123
GBRTENW,2014,1,short,5,508
GBRTENW,2014,1,short,6,385
GBRTENW,2014,1,short,7,1747
GBRTENW,2014,1,short,8,509
GBRTENW,2014,1,short,9,210
GBRTENW,2014,1,short,10,456
GBRTENW,2014,1,short,11,700
GBRTENW,2014,1,short,12,426
GBRTENW,2014,1,short,13,67
GBRTENW,2014,1,short,14,132
GBRTENW,2014,1,short,15,68
GBRTENW,2014,1,short,16,445
GBRTENW,2015,1,short,0,9033
GBRTENW,2015,1,short,1,95
GBRTENW,2015,1,short,2,2789
GBRTENW,2015,1,short,3,18
GBRTENW,2015,1,short,4,132
GBRTENW,2015,1,short,5,587
GBRTENW,2015,1,short,6,440
GBRTENW,2015,1,short,7,1781
GBRTENW,2015,1,short,8,514
GBRTENW,2015,1,short,9,207
GBRTENW,2015,1,short,10,534
GBRTENW,2015,1,short,11,753
GBRTENW,2015,1,short,12,434
GBRTENW,2015,1,short,13,71
GBRTENW,2015,1,short,14,146
GBRTENW,2015,1,short,15,69
GBRTENW,2015,1,short,16,461
GBRTENW,2016,1,short,0,9022
GBRTENW,2016,1,short,1,93
GBRTENW,2016,1,short,2,2807
GBRTENW,2016,1,short,3,19
GBRTENW,2016,1,short,4,140
GBRTENW,2016,1,short,5,597
GBRTENW,2016,1,short,6,466
GBRTENW,2016,1,short,7,1745
GBRTENW,2016,1,short,8,493
GBRTENW,2016,1,short,9,203
GBRTENW,2016,1,short,10,507
GBRTENW,2016,1,short,11,753
GBRTENW,2016,1,short,12,442
GBRTENW,2016,1,short,13,74
GBRTENW,2016,1,short,14,146
GBRTENW,2016,1,short,15,69
GBRTENW,2016,1,short,16,469
GBRTENW,2001,2,short,0,10379
GBRTENW,2001,2,short,1,86
GBRTENW,2001,2,short,2,2551
GBRTENW,2001,2,short,3,23
GBRTENW,2001,2,short,4,162
GBRTENW,2001,2,short,5,374
GBRTENW,2001,2,short,6,300
GBRTENW,2001,2,short,7,2532
GBRTENW,2001,2,short,8,1425
GBRTENW,2001,2,short,9,351
GBRTENW,2001,2,short,10,795
GBRTENW,2001,2,short,11,633
GBRTENW,2001,2,short,12,492
GBRTENW,2001,2,short,13,166
GBRTENW,2001,2,short,14,175
GBRTENW,2001,2,short,15,64
GBRTENW,2001,2,short,16,251
GBRTENW,2002,2,short,0,10431
GBRTENW,2002,2,short,1,87
GBRTENW,2002,2,short,2,2557
GBRTENW,2002,2,short,3,25
GBRTENW,2002,2,short,4,166
GBRTENW,2002,2,short,5,382
GBRTENW,2002,2,short,6,304
GBRTENW,2002,2,short,7,2491
GBRTENW,2002,2,short,8,1426
GBRTENW,2002,2,short,9,336
GBRTENW,2002,2,short,10,827
GBRTENW,2002,2,short,11,666
GBRTENW,2002,2,short,12,503
GBRTENW,2002,2,short,13,170
GBRTENW,2002,2,short,14,189
GBRTENW,2002,2,short,15,60
GBRTENW,2002,2,short,16,243
GBRTENW,2003,2,short,0,10535
GBRTENW,2003,2,short,1,98
GBRTENW,2003,2,short,2,2519
GBRTENW,2003,2,short,3,24
GBRTENW,2003,2,short,4,170
GBRTENW,2003,2,short,5,402
GBRTENW,2003,2,short,6,325
GBRTENW,2003,2,short,7,2444
GBRTENW,2003,2,short,8,1391
GBRTENW,2003,2,short,9,338
GBRTENW,2003,2,short,10,865
GBRTENW,2003,2,short,11,736
GBRTENW,2003,2,short,12,515
GBRTENW,2003,2,short,13,175
GBRTENW,2003,2,short,14,208
GBRTENW,2003,2,short,15,68
GBRTENW,2003,2,short,16,258
GBRTENW,2004,2,short,0,9889
GBRTENW,2004,2,short,1,106
GBRTENW,2004,2,short,2,2464
GBRTENW,2004,2,short,3,23
GBRTENW,2004,2,short,4,158
GBRTENW,2004,2,short,5,378
GBRTENW,2004,2,short,6,295
GBRTENW,2004,2,short,7,2229
GBRTENW,2004,2,short,8,1260
GBRTENW,2004,2,short,9,314
GBRTENW,2004,2,short,10,761
GBRTENW,2004,2,short,11,688
GBRTENW,2004,2,short,12,514
GBRTENW,2004,2,short,13,165
GBRTENW,2004,2,short,14,213
GBRTENW,2004,2,short,15,64
GBRTENW,2004,2,short,16,258
GBRTENW,2005,2,short,0,9859
GBRTENW,2005,2,short,1,132
GBRTENW,2005,2,short,2,2469
GBRTENW,2005,2,short,3,25
GBRTENW,2005,2,short,4,155
GBRTENW,2005,2,short,5,382
GBRTENW,2005,2,short,6,302
GBRTENW,2005,2,short,7,2140
GBRTENW,2005,2,short,8,1201
GBRTENW,2005,2,short,9,299
GBRTENW,2005,2,short,10,785
GBRTENW,2005,2,short,11,735
GBRTENW,2005,2,short,12,514
GBRTENW,2005,2,short,13,164
GBRTENW,2005,2,short,14,236
GBRTENW,2005,2,short,15,62
GBRTENW,2005,2,short,16,258
GBRTENW,2006,2,short,0,9512
GBRTENW,2006,2,short,1,164
GBRTENW,2006,2,short,2,2445
GBRTENW,2006,2,short,3,21
GBRTENW,2006,2,short,4,149
GBRTENW,2006,2,short,5,381
GBRTENW,2006,2,short,6,301
GBRTENW,2006,2,short,7,2001
GBRTENW,2006,2,short,8,1125
GBRTENW,2006,2,short,9,285
GBRTENW,2006,2,short,10,699
GBRTENW,2006,2,short,11,709
GBRTENW,2006,2,short,12,511
GBRTENW,2006,2,short,13,158
GBRTENW,2006,2,short,14,242
GBRTENW,2006,2,short,15,63
GBRTENW,2006,2,short,16,257
GBRTENW,2007,2,short,0,9500
GBRTENW,2007,2,short,1,175
GBRTENW,2007,2,short,2,2460
GBRTENW,2007,2,short,3,22
GBRTENW,2007,2,short,4,149
GBRTENW,2007,2,short,5,424
GBRTENW,2007,2,short,6,324
GBRTENW,2007,2,short,7,1953
GBRTENW,2007,2,short,8,1082
GBRTENW,2007,2,short,9,275
GBRTENW,2007,2,short,10,690
GBRTENW,2007,2,short,11,720
GBRTENW,2007,2,short,12,507
GBRTENW,2007,2,short,13,159
GBRTENW,2007,2,short,14,251
GBRTENW,2007,2,short,15,62
GBRTENW,2007,2,short,16,248
GBRTENW,2008,2,short,0,9532
GBRTENW,2008,2,short,1,133
GBRTENW,2008,2,short,2,2453
GBRTENW,2008,2,short,3,20
GBRTENW,2008,2,short,4,148
GBRTENW,2008,2,short,5,470
GBRTENW,2008,2,short,6,344
GBRTENW,2008,2,short,7,1911
GBRTENW,2008,2,short,8,1071
GBRTENW,2008,2,short,9,269
GBRTENW,2008,2,short,10,714
GBRTENW,2008,2,short,11,741
GBRTENW,2008,2,short,12,504
GBRTENW,2008,2,short,13,163
GBRTENW,2008,2,short,14,266
GBRTENW,2008,2,short,15,63
GBRTENW,2008,2,short,16,262
GBRTENW,2009,2,short,0,9010
GBRTENW,2009,2,short,1,117
GBRTENW,2009,2,short,2,2396
GBRTENW,2009,2,short,3,21
GBRTENW,2009,2,short,4,144
GBRTENW,2009,2,short,5,449
GBRTENW,2009,2,short,6,340
GBRTENW,2009,2,short,7,1772
GBRTENW,2009,2,short,8,986
GBRTENW,2009,2,short,9,262
GBRTENW,2009,2,short,10,641
GBRTENW,2009,2,short,11,676
GBRTENW,2009,2,short,12,482
GBRTENW,2009,2,short,13,149
GBRTENW,2009,2,short,14,265
GBRTENW,2009,2,short,15,63
GBRTENW,2009,2,short,16,246
GBRTENW,2010,2,short,0,9017
GBRTENW,2010,2,short,1,100
GBRTENW,2010,2,short,2,2406
GBRTENW,2010,2,short,3,22
GBRTENW,2010,2,short,4,144
GBRTENW,2010,2,short,5,503
GBRTENW,2010,2,short,6,358
GBRTENW,2010,2,short,7,1728
GBRTENW,2010,2,short,8,973
GBRTENW,2010,2,short,9,257
GBRTENW,2010,2,short,10,607
GBRTENW,2010,2,short,11,702
GBRTENW,2010,2,short,12,488
GBRTENW,2010,2,short,13,148
GBRTENW,2010,2,short,14,278
GBRTENW,2010,2,short,15,60
GBRTENW,2010,2,short,16,244
GBRTENW,2011,2,short,0,8754
GBRTENW,2011,2,short,1,109
GBRTENW,2011,2,short,2,2416
GBRTENW,2011,2,short,3,20
GBRTENW,2011,2,short,4,127
GBRTENW,2011,2,short,5,772
GBRTENW,2011,2,short,6,365
GBRTENW,2011,2,short,7,1543
GBRTENW,2011,2,short,8,790
GBRTENW,2011,2,short,9,216
GBRTENW,2011,2,short,10,586
GBRTENW,2011,2,short,11,713
GBRTENW,2011,2,short,12,456
GBRTENW,2011,2,short,13,141
GBRTENW,2011,2,short,14,205
GBRTENW,2011,2,short,15,55
GBRTENW,2011,2,short,16,238
GBRTENW,2012,2,short,0,9021
GBRTENW,2012,2,short,1,102
GBRTENW,2012,2,short,2,2429
GBRTENW,2012,2,short,3,19
GBRTENW,2012,2,short,4,129
GBRTENW,2012,2,short,5,883
GBRTENW,2012,2,short,6,417
GBRTENW,2012,2,short,7,1587
GBRTENW,2012,2,short,8,788
GBRTENW,2012,2,short,9,220
GBRTENW,2012,2,short,10,585
GBRTENW,2012,2,short,11,763
GBRTENW,2012,2,short,12,457
GBRTENW,2012,2,short,13,146
GBRTENW,2012,2,short,14,208
GBRTENW,2012,2,short,15,56
GBRTENW,2012,2,short,16,232
GBRTENW,2013,2,short,0,9035
GBRTENW,2013,2,short,1,103
GBRTENW,2013,2,short,2,2403
GBRTENW,2013,2,short,3,18
GBRTENW,2013,2,short,4,128
GBRTENW,2013,2,short,5,931
GBRTENW,2013,2,short,6,438
GBRTENW,2013,2,short,7,1557
GBRTENW,2013,2,short,8,747
GBRTENW,2013,2,short,9,209
GBRTENW,2013,2,short,10,597
GBRTENW,2013,2,short,11,810
GBRTENW,2013,2,short,12,449
GBRTENW,2013,2,short,13,142
GBRTENW,2013,2,short,14,202
GBRTENW,2013,2,short,15,51
GBRTENW,2013,2,short,16,250
GBRTENW,2014,2,short,0,8803
GBRTENW,2014,2,short,1,100
GBRTENW,2014,2,short,2,2404
GBRTENW,2014,2,short,3,17
GBRTENW,2014,2,short,4,133
GBRTENW,2014,2,short,5,976
GBRTENW,2014,2,short,6,485
GBRTENW,2014,2,short,7,1479
GBRTENW,2014,2,short,8,714
GBRTENW,2014,2,short,9,196
GBRTENW,2014,2,short,10,604
GBRTENW,2014,2,short,11,619
GBRTENW,2014,2,short,12,434
GBRTENW,2014,2,short,13,132
GBRTENW,2014,2,short,14,187
GBRTENW,2014,2,short,15,57
GBRTENW,2014,2,short,16,265
GBRTENW,2015,2,short,0,9312
GBRTENW,2015,2,short,1,110
GBRTENW,2015,2,short,2,2396
GBRTENW,2015,2,short,3,22
GBRTENW,2015,2,short,4,140
GBRTENW,2015,2,short,5,1149
GBRTENW,2015,2,short,6,566
GBRTENW,2015,2,short,7,1498
GBRTENW,2015,2,short,8,728
GBRTENW,2015,2,short,9,196
GBRTENW,2015,2,short,10,708
GBRTENW,2015,2,short,11,691
GBRTENW,2015,2,short,12,452
GBRTENW,2015,2,short,13,140
GBRTENW,2015,2,short,14,189
GBRTENW,2015,2,short,15,51
GBRTENW,2015,2,short,16,276
GBRTENW,2016,2,short,0,9112
GBRTENW,2016,2,short,1,109
GBRTENW,2016,2,short,2,2423
GBRTENW,2016,2,short,3,18
GBRTENW,2016,2,short,4,140
GBRTENW,2016,2,short,5,1133
GBRTENW,2016,2,short,6,608
GBRTENW,2016,2,short,7,1441
GBRTENW,2016,2,short,8,666
GBRTENW,2016,2,short,9,190
GBRTENW,2016,2,short,10,630
GBRTENW,2016,2,short,11,671
GBRTENW,2016,2,short,12,443
GBRTENW,2016,2,short,13,133
GBRTENW,2016,2,short,14,182
GBRTENW,2016,2,short,15,55
GBRTENW,2016,2,short,16,269
GBRTENW,2001,3,short,0,10134
GBRTENW,2001,3,short,1,83
GBRTENW,2001,3,short,2,2692
GBRTENW,2001,3,short,3,20
GBRTENW,2001,3,short,4,151
GBRTENW,2001,3,short,5,285
GBRTENW,2001,3,short,6,279
GBRTENW,2001,3,short,7,2647
GBRTENW,2001,3,short,8,1160
GBRTENW,2001,3,short,9,352
GBRTENW,2001,3,short,10,653
GBRTENW,2001,3,short,11,681
GBRTENW,2001,3,short,12,456
GBRTENW,2001,3,short,13,117
GBRTENW,2001,3,short,14,153
GBRTENW,2001,3,short,15,72
GBRTENW,2001,3,short,16,334
GBRTENW,2002,3,short,0,10149
GBRTENW,2002,3,short,1,84
GBRTENW,2002,3,short,2,2698
GBRTENW,2002,3,short,3,21
GBRTENW,2002,3,short,4,153
GBRTENW,2002,3,short,5,287
GBRTENW,2002,3,short,6,285
GBRTENW,2002,3,short,7,2587
GBRTENW,2002,3,short,8,1164
GBRTENW,2002,3,short,9,343
GBRTENW,2002,3,short,10,672
GBRTENW,2002,3,short,11,707
GBRTENW,2002,3,short,12,469
GBRTENW,2002,3,short,13,120
GBRTENW,2002,3,short,14,167
GBRTENW,2002,3,short,15,70
GBRTENW,2002,3,short,16,321
GBRTENW,2003,3,short,0,10188
GBRTENW,2003,3,short,1,91
GBRTENW,2003,3,short,2,2669
GBRTENW,2003,3,short,3,21
GBRTENW,2003,3,short,4,155
GBRTENW,2003,3,short,5,296
GBRTENW,2003,3,short,6,302
GBRTENW,2003,3,short,7,2523
GBRTENW,2003,3,short,8,1133
GBRTENW,2003,3,short,9,340
GBRTENW,2003,3,short,10,704
GBRTENW,2003,3,short,11,762
GBRTENW,2003,3,short,12,482
GBRTENW,2003,3,short,13,123
GBRTENW,2003,3,short,14,180
GBRTENW,2003,3,short,15,73
GBRTENW,2003,3,short,16,332
GBRTENW,2004,3,short,0,9643
GBRTENW,2004,3,short,1,96
GBRTENW,2004,3,short,2,2622
GBRTENW,2004,3,short,3,20
GBRTENW,2004,3,short,4,145
GBRTENW,2004,3,short,5,280
GBRTENW,2004,3,short,6,278
GBRTENW,2004,3,short,7,2330
GBRTENW,2004,3,short,8,1028
GBRTENW,2004,3,short,9,317
GBRTENW,2004,3,short,10,627
GBRTENW,2004,3,short,11,718
GBRTENW,2004,3,short,12,478
GBRTENW,2004,3,short,13,119
GBRTENW,2004,3,short,14,184
GBRTENW,2004,3,short,15,72
GBRTENW,2004,3,short,16,331
GBRTENW,2005,3,short,0,9576
GBRTENW,2005,3,short,1,117
GBRTENW,2005,3,short,2,2609
GBRTENW,2005,3,short,3,21
GBRTENW,2005,3,short,4,142
GBRTENW,2005,3,short,5,285
GBRTENW,2005,3,short,6,288
GBRTENW,2005,3,short,7,2241
GBRTENW,2005,3,short,8,978
GBRTENW,2005,3,short,9,302
GBRTENW,2005,3,short,10,645
GBRTENW,2005,3,short,11,751
GBRTENW,2005,3,short,12,479
GBRTENW,2005,3,short,13,119
GBRTENW,2005,3,short,14,197
GBRTENW,2005,3,short,15,72
GBRTENW,2005,3,short,16,330
GBRTENW,2006,3,short,0,9317
GBRTENW,2006,3,short,1,145
GBRTENW,2006,3,short,2,2602
GBRTENW,2006,3,short,3,19
GBRTENW,2006,3,short,4,136
GBRTENW,2006,3,short,5,285
GBRTENW,2006,3,short,6,286
GBRTENW,2006,3,short,7,2100
GBRTENW,2006,3,short,8,926
GBRTENW,2006,3,short,9,292
GBRTENW,2006,3,short,10,587
GBRTENW,2006,3,short,11,723
GBRTENW,2006,3,short,12,487
GBRTENW,2006,3,short,13,116
GBRTENW,2006,3,short,14,206
GBRTENW,2006,3,short,15,71
GBRTENW,2006,3,short,16,335
GBRTENW,2007,3,short,0,9270
GBRTENW,2007,3,short,1,154
GBRTENW,2007,3,short,2,2606
GBRTENW,2007,3,short,3,19
GBRTENW,2007,3,short,4,136
GBRTENW,2007,3,short,5,316
GBRTENW,2007,3,short,6,305
GBRTENW,2007,3,short,7,2046
GBRTENW,2007,3,short,8,885
GBRTENW,2007,3,short,9,281
GBRTENW,2007,3,short,10,576
GBRTENW,2007,3,short,11,731
GBRTENW,2007,3,short,12,482
GBRTENW,2007,3,short,13,116
GBRTENW,2007,3,short,14,216
GBRTENW,2007,3,short,15,71
GBRTENW,2007,3,short,16,330
GBRTENW,2008,3,short,0,9288
GBRTENW,2008,3,short,1,121
GBRTENW,2008,3,short,2,2604
GBRTENW,2008,3,short,3,18
GBRTENW,2008,3,short,4,139
GBRTENW,2008,3,short,5,348
GBRTENW,2008,3,short,6,325
GBRTENW,2008,3,short,7,2001
GBRTENW,2008,3,short,8,875
GBRTENW,2008,3,short,9,272
GBRTENW,2008,3,short,10,597
GBRTENW,2008,3,short,11,751
GBRTENW,2008,3,short,12,484
GBRTENW,2008,3,short,13,118
GBRTENW,2008,3,short,14,225
GBRTENW,2008,3,short,15,70
GBRTENW,2008,3,short,16,340
GBRTENW,2009,3,short,0,8895
GBRTENW,2009,3,short,1,106
GBRTENW,2009,3,short,2,2569
GBRTENW,2009,3,short,3,19
GBRTENW,2009,3,short,4,132
GBRTENW,2009,3,short,5,336
GBRTENW,2009,3,short,6,320
GBRTENW,2009,3,short,7,1884
GBRTENW,2009,3,short,8,812
GBRTENW,2009,3,short,9,261
GBRTENW,2009,3,short,10,551
GBRTENW,2009,3,short,11,702
GBRTENW,2009,3,short,12,465
GBRTENW,2009,3,short,13,111
GBRTENW,2009,3,short,14,225
GBRTENW,2009,3,short,15,71
GBRTENW,2009,3,short,16,333
GBRTENW,2010,3,short,0,8857
GBRTENW,2010,3,short,1,92
GBRTENW,2010,3,short,2,2566
GBRTENW,2010,3,short,3,19
GBRTENW,2010,3,short,4,133
GBRTENW,2010,3,short,5,369
GBRTENW,2010,3,short,6,337
GBRTENW,2010,3,short,7,1846
GBRTENW,2010,3,short,8,803
GBRTENW,2010,3,short,9,258
GBRTENW,2010,3,short,10,521
GBRTENW,2010,3,short,11,718
GBRTENW,2010,3,short,12,469
GBRTENW,2010,3,short,13,111
GBRTENW,2010,3,short,14,230
GBRTENW,2010,3,short,15,67
GBRTENW,2010,3,short,16,318
GBRTENW,2011,3,short,0,8627
GBRTENW,2011,3,short,1,98
GBRTENW,2011,3,short,2,2579
GBRTENW,2011,3,short,3,18
GBRTENW,2011,3,short,4,119
GBRTENW,2011,3,short,5,575
GBRTENW,2011,3,short,6,337
GBRTENW,2011,3,short,7,1668
GBRTENW,2011,3,short,8,660
GBRTENW,2011,3,short,9,220
GBRTENW,2011,3,short,10,508
GBRTENW,2011,3,short,11,730
GBRTENW,2011,3,short,12,446
GBRTENW,2011,3,short,13,107
GBRTENW,2011,3,short,14,176
GBRTENW,2011,3,short,15,65
GBRTENW,2011,3,short,16,320
GBRTENW,2012,3,short,0,8827
GBRTENW,2012,3,short,1,92
GBRTENW,2012,3,short,2,2600
GBRTENW,2012,3,short,3,17
GBRTENW,2012,3,short,4,122
GBRTENW,2012,3,short,5,659
GBRTENW,2012,3,short,6,382
GBRTENW,2012,3,short,7,1687
GBRTENW,2012,3,short,8,654
GBRTENW,2012,3,short,9,221
GBRTENW,2012,3,short,10,506
GBRTENW,2012,3,short,11,778
GBRTENW,2012,3,short,12,442
GBRTENW,2012,3,short,13,109
GBRTENW,2012,3,short,14,179
GBRTENW,2012,3,short,15,64
GBRTENW,2012,3,short,16,315
GBRTENW,2013,3,short,0,8896
GBRTENW,2013,3,short,1,95
GBRTENW,2013,3,short,2,2581
GBRTENW,2013,3,short,3,17
GBRTENW,2013,3,short,4,122
GBRTENW,2013,3,short,5,698
GBRTENW,2013,3,short,6,403
GBRTENW,2013,3,short,7,1683
GBRTENW,2013,3,short,8,630
GBRTENW,2013,3,short,9,212
GBRTENW,2013,3,short,10,517
GBRTENW,2013,3,short,11,822
GBRTENW,2013,3,short,12,436
GBRTENW,2013,3,short,13,107
GBRTENW,2013,3,short,14,175
GBRTENW,2013,3,short,15,59
GBRTENW,2013,3,short,16,339
GBRTENW,2014,3,short,0,8734
GBRTENW,2014,3,short,1,92
GBRTENW,2014,3,short,2,2592
GBRTENW,2014,3,short,3,17
GBRTENW,2014,3,short,4,128
GBRTENW,2014,3,short,5,746
GBRTENW,2014,3,short,6,435
GBRTENW,2014,3,short,7,1611
GBRTENW,2014,3,short,8,613
GBRTENW,2014,3,short,9,203
GBRTENW,2014,3,short,10,531
GBRTENW,2014,3,short,11,659
GBRTENW,2014,3,short,12,430
GBRTENW,2014,3,short,13,100
GBRTENW,2014,3,short,14,160
GBRTENW,2014,3,short,15,62
GBRTENW,2014,3,short,16,354
GBRTENW,2015,3,short,0,9175
GBRTENW,2015,3,short,1,102
GBRTENW,2015,3,short,2,2590
GBRTENW,2015,3,short,3,20
GBRTENW,2015,3,short,4,136
GBRTENW,2015,3,short,5,872
GBRTENW,2015,3,short,6,504
GBRTENW,2015,3,short,7,1638
GBRTENW,2015,3,short,8,623
GBRTENW,2015,3,short,9,201
GBRTENW,2015,3,short,10,623
GBRTENW,2015,3,short,11,722
GBRTENW,2015,3,short,12,443
GBRTENW,2015,3,short,13,106
GBRTENW,2015,3,short,14,168
GBRTENW,2015,3,short,15,60
GBRTENW,2015,3,short,16,367
GBRTENW,2016,3,short,0,9068
GBRTENW,2016,3,short,1,101
GBRTENW,2016,3,short,2,2613
GBRTENW,2016,3,short,3,18
GBRTENW,2016,3,short,4,140
GBRTENW,2016,3,short,5,868
GBRTENW,2016,3,short,6,538
GBRTENW,2016,3,short,7,1591
GBRTENW,2016,3,short,8,580
GBRTENW,2016,3,short,9,197
GBRTENW,2016,3,short,10,569
GBRTENW,2016,3,short,11,712
GBRTENW,2016,3,short,12,442
GBRTENW,2016,3,short,13,104
GBRTENW,2016,3,short,14,164
GBRTENW,2016,3,short,15,62
GBRTENW,2016,3,short,16,368
